,0,1,2,3,4,5,6,7,8,9,10,11,12,13,14,15,16,17,18,19,20,21,22,23,24,25,,,,,,,,,,,,,,,,,
ENERGY,,,,,,,,,,,,,,,,,,,,,,,,,,,,,,,,,,,,,,,,,,,
Energy produced (kWh),0,"315,351,776","315,351,776","315,351,776","315,351,776","315,351,776","315,351,776","315,351,776","315,351,776","315,351,776","315,351,776","315,351,776","315,351,776","315,351,776","315,351,776","315,351,776","315,351,776","315,351,776","315,351,776","315,351,776","315,351,776","315,351,776","315,351,776","315,351,776","315,351,776","315,351,776",,,,,,,,,,,,,,,,,
,,,,,,,,,,,,,,,,,,,,,,,,,,,,,,,,,,,,,,,,,,,
REVENUE,,,,,,,,,,,,,,,,,,,,,,,,,,,,,,,,,,,,,,,,,,,
PPA price (cents/kWh),0,4.19763,4.23961,4.28201,4.32483,4.36808,4.41176,4.45587,4.50043,4.54544,4.59089,4.6368,4.68317,4.73,4.7773,4.82507,4.87332,4.92206,4.97128,5.02099,5.0712,5.12191,5.17313,5.22486,5.27711,5.32988,,,,,,,,,,,,,,,,,
PPA revenue to project ($),0,"13,237,314","13,369,687","13,503,384","13,638,418","13,774,802","13,912,550","14,051,676","14,192,193","14,334,115","14,477,456","14,622,230","14,768,453","14,916,137","15,065,298","15,215,951","15,368,111","15,521,792","15,677,010","15,833,780","15,992,118","16,152,039","16,313,559","16,476,695","16,641,462","16,807,876",,,,,,,,,,,,,,,,,
Federal PBI income ($),0,0,0,0,0,0,0,0,0,0,0,0,0,0,0,0,0,0,0,0,0,0,0,0,0,0,,,,,,,,,,,,,,,,,
State PBI income ($),0,0,0,0,0,0,0,0,0,0,0,0,0,0,0,0,0,0,0,0,0,0,0,0,0,0,,,,,,,,,,,,,,,,,
Utility PBI income ($),0,0,0,0,0,0,0,0,0,0,0,0,0,0,0,0,0,0,0,0,0,0,0,0,0,0,,,,,,,,,,,,,,,,,
Other PBI income ($),0,0,0,0,0,0,0,0,0,0,0,0,0,0,0,0,0,0,0,0,0,0,0,0,0,0,,,,,,,,,,,,,,,,,
Salvage value ($),0,0,0,0,0,0,0,0,0,0,0,0,0,0,0,0,0,0,0,0,0,0,0,0,0,0,,,,,,,,,,,,,,,,,
Total revenue to project ($),0,"13,237,314","13,369,687","13,503,384","13,638,418","13,774,802","13,912,550","14,051,676","14,192,193","14,334,115","14,477,456","14,622,230","14,768,453","14,916,137","15,065,298","15,215,951","15,368,111","15,521,792","15,677,010","15,833,780","15,992,118","16,152,039","16,313,559","16,476,695","16,641,462","16,807,876",,,,,,,,,,,,,,,,,
,,,,,,,,,,,,,,,,,,,,,,,,,,,,,,,,,,,,,,,,,,,
Property tax net assessed value ($),0,"113,850,000","113,850,000","113,850,000","113,850,000","113,850,000","113,850,000","113,850,000","113,850,000","113,850,000","113,850,000","113,850,000","113,850,000","113,850,000","113,850,000","113,850,000","113,850,000","113,850,000","113,850,000","113,850,000","113,850,000","113,850,000","113,850,000","113,850,000","113,850,000","113,850,000",,,,,,,,,,,,,,,,,
,,,,,,,,,,,,,,,,,,,,,,,,,,,,,,,,,,,,,,,,,,,
OPERATING EXPENSES,,,,,,,,,,,,,,,,,,,,,,,,,,,,,,,,,,,,,,,,,,,
O&M fixed expense ($),0,0,0,0,0,0,0,0,0,0,0,0,0,0,0,0,0,0,0,0,0,0,0,0,0,0,,,,,,,,,,,,,,,,,
O&M production-based expense ($),0,0,0,0,0,0,0,0,0,0,0,0,0,0,0,0,0,0,0,0,0,0,0,0,0,0,,,,,,,,,,,,,,,,,
O&M capacity-based expense ($),0,"2,970,000","3,044,250","3,120,356","3,198,365","3,278,324","3,360,282","3,444,290","3,530,397","3,618,656","3,709,123","3,801,851","3,896,897","3,994,320","4,094,178","4,196,532","4,301,446","4,408,982","4,519,206","4,632,186","4,747,991","4,866,691","4,988,358","5,113,067","5,240,894","5,371,916",,,,,,,,,,,,,,,,,
Property tax expense ($),0,0,0,0,0,0,0,0,0,0,0,0,0,0,0,0,0,0,0,0,0,0,0,0,0,0,,,,,,,,,,,,,,,,,
Insurance expense ($),0,"569,250","583,481","598,068","613,020","628,346","644,054","660,156","676,659","693,576","710,915","728,688","746,905","765,578","784,717","804,335","824,444","845,055","866,181","887,836","910,032","932,782","956,102","980,004","1,004,505","1,029,617",,,,,,,,,,,,,,,,,
Total operating expenses ($),0,"3,539,250","3,627,731","3,718,424","3,811,385","3,906,670","4,004,336","4,104,445","4,207,056","4,312,232","4,420,038","4,530,539","4,643,802","4,759,898","4,878,895","5,000,868","5,125,890","5,254,036","5,385,388","5,520,022","5,658,022","5,799,473","5,944,460","6,093,072","6,245,398","6,401,534",,,,,,,,,,,,,,,,,
,,,,,,,,,,,,,,,,,,,,,,,,,,,,,,,,,,,,,,,,,,,
EBITDA ($),0,"9,698,064","9,741,956","9,784,960","9,827,033","9,868,133","9,908,214","9,947,231","9,985,137","10,021,882","10,057,417","10,091,691","10,124,650","10,156,239","10,186,403","10,215,084","10,242,222","10,267,756","10,291,623","10,313,758","10,334,095","10,352,566","10,369,099","10,383,623","10,396,064","10,406,343",,,,,,,,,,,,,,,,,
,,,,,,,,,,,,,,,,,,,,,,,,,,,,,,,,,,,,,,,,,,,
OPERATING ACTIVITIES,,,,,,,,,,,,,,,,,,,,,,,,,,,,,,,,,,,,,,,,,,,
EBITDA ($),0,"9,698,064","9,741,956","9,784,960","9,827,033","9,868,133","9,908,214","9,947,231","9,985,137","10,021,882","10,057,417","10,091,691","10,124,650","10,156,239","10,186,403","10,215,084","10,242,222","10,267,756","10,291,623","10,313,758","10,334,095","10,352,566","10,369,099","10,383,623","10,396,064","10,406,343",,,,,,,,,,,,,,,,,
Interest earned on reserve accounts ($),0,"78,029","126,457","174,898","223,353","271,821","320,304","368,800","417,312","465,837","514,378","562,934","611,505","85,512","150,447","215,399","280,367","345,352","410,353","430,449","495,348","560,277","625,237","690,229","755,253","56,013",,,,,,,,,,,,,,,,,
plus PBI if not available for debt service:,,,,,,,,,,,,,,,,,,,,,,,,,,,,,,,,,,,,,,,,,,,
Federal PBI income ($),0,0,0,0,0,0,0,0,0,0,0,0,0,0,0,0,0,0,0,0,0,0,0,0,0,0,,,,,,,,,,,,,,,,,
State PBI income ($),0,0,0,0,0,0,0,0,0,0,0,0,0,0,0,0,0,0,0,0,0,0,0,0,0,0,,,,,,,,,,,,,,,,,
Utility PBI income ($),0,0,0,0,0,0,0,0,0,0,0,0,0,0,0,0,0,0,0,0,0,0,0,0,0,0,,,,,,,,,,,,,,,,,
Other PBI income ($),0,0,0,0,0,0,0,0,0,0,0,0,0,0,0,0,0,0,0,0,0,0,0,0,0,0,,,,,,,,,,,,,,,,,
Debt interest payment ($),-0,"-3,822,554","-3,713,647","-3,594,753","-3,465,220","-3,324,355","-3,171,416","-3,005,614","-2,826,104","-2,631,988","-2,422,304","-2,196,029","-1,952,070","-1,689,259","-1,456,606","-1,206,043","-936,397","-646,414","-334,758",-0,-0,-0,-0,-0,-0,-0,,,,,,,,,,,,,,,,,
Project cash flow from operating activities ($),0,"5,953,539","6,154,766","6,365,105","6,585,166","6,815,598","7,057,101","7,310,418","7,576,344","7,855,732","8,149,492","8,458,595","8,784,085","8,552,492","8,880,245","9,224,439","9,586,192","9,966,693","10,367,218","10,744,207","10,829,443","10,912,843","10,994,336","11,073,852","11,151,316","10,462,357",,,,,,,,,,,,,,,,,
,,,,,,,,,,,,,,,,,,,,,,,,,,,,,,,,,,,,,,,,,,,
INVESTING ACTIVITIES,,,,,,,,,,,,,,,,,,,,,,,,,,,,,,,,,,,,,,,,,,,
Total installed cost ($),"-113,850,000",,,,,,,,,,,,,,,,,,,,,,,,,,,,,,,,,,,,,,,,,,
Equity closing cost ($),"-300,000",,,,,,,,,,,,,,,,,,,,,,,,,,,,,,,,,,,,,,,,,,
Development fee ($),"-3,415,500",,,,,,,,,,,,,,,,,,,,,,,,,,,,,,,,,,,,,,,,,,
Debt closing costs ($),"-450,000",,,,,,,,,,,,,,,,,,,,,,,,,,,,,,,,,,,,,,,,,,
Debt up-front fee ($),"-1,501,718",,,,,,,,,,,,,,,,,,,,,,,,,,,,,,,,,,,,,,,,,,
Total construction financing cost ($),"-2,277,000",,,,,,,,,,,,,,,,,,,,,,,,,,,,,,,,,,,,,,,,,,
Other financing cost ($),-0,,,,,,,,,,,,,,,,,,,,,,,,,,,,,,,,,,,,,,,,,,
Total IBI income ($),-0,,,,,,,,,,,,,,,,,,,,,,,,,,,,,,,,,,,,,,,,,,
Total CBI income ($),-0,,,,,,,,,,,,,,,,,,,,,,,,,,,,,,,,,,,,,,,,,,
equals:,,,,,,,,,,,,,,,,,,,,,,,,,,,,,,,,,,,,,,,,,,,
Purchase of property ($),"-121,794,216",,,,,,,,,,,,,,,,,,,,,,,,,,,,,,,,,,,,,,,,,,
plus:,,,,,,,,,,,,,,,,,,,,,,,,,,,,,,,,,,,,,,,,,,,
Reserve (increase)/decrease debt service ($),"-2,689,187","-16,881","-16,540","-16,182","-15,808","-15,416","-15,007","-14,579","-14,133","-13,667","-13,182","-12,676","346,824","-11,602","-11,031","-10,438","-9,821","-9,180","2,558,505",-0,-0,-0,-0,-0,-0,-0,,,,,,,,,,,,,,,,,
Reserve (increase)/decrease working capital ($),"-1,769,625","-44,241","-45,347","-46,480","-47,642","-48,833","-50,054","-51,306","-52,588","-53,903","-55,250","-56,632","-58,048","-59,499","-60,986","-62,511","-64,074","-65,675","-67,317","-69,000","-70,725","-72,493","-74,306","-76,163","-78,067","3,200,767",,,,,,,,,,,,,,,,,
Reserve (increase)/decrease receivables ($),-0,-0,-0,-0,-0,-0,-0,-0,-0,-0,-0,-0,-0,-0,-0,-0,-0,-0,-0,-0,-0,-0,-0,-0,-0,0,,,,,,,,,,,,,,,,,
Reserve (increase)/decrease major equipment 1 ($),-0,"-2,706,179","-2,706,179","-2,706,179","-2,706,179","-2,706,179","-2,706,179","-2,706,179","-2,706,179","-2,706,179","-2,706,179","-2,706,179","29,767,966","-3,639,510","-3,639,510","-3,639,510","-3,639,510","-3,639,510","-3,639,510","-3,639,510","-3,639,510","-3,639,510","-3,639,510","-3,639,510","40,034,604",-0,,,,,,,,,,,,,,,,,
Reserve (increase)/decrease major equipment 2 ($),-0,-0,-0,-0,-0,-0,-0,-0,-0,-0,-0,-0,-0,-0,-0,0,-0,-0,-0,-0,-0,-0,-0,-0,-0,-0,,,,,,,,,,,,,,,,,
Reserve (increase)/decrease major equipment 3 ($),-0,-0,-0,0,-0,-0,0,-0,-0,0,-0,-0,0,-0,-0,0,-0,-0,0,-0,-0,0,-0,-0,0,-0,,,,,,,,,,,,,,,,,
Reserve capital spending major equipment 1 ($),0,0,0,0,0,0,0,0,0,0,0,0,"-32,474,144",0,0,0,0,0,0,0,0,0,0,0,"-43,674,116",0,,,,,,,,,,,,,,,,,
Reserve capital spending major equipment 2 ($),0,0,0,0,0,0,0,0,0,0,0,0,0,0,0,-0,0,0,0,0,0,0,0,0,0,0,,,,,,,,,,,,,,,,,
Reserve capital spending major equipment 3 ($),0,0,0,-0,0,0,-0,0,0,-0,0,0,-0,0,0,-0,0,0,-0,0,0,-0,0,0,-0,0,,,,,,,,,,,,,,,,,
equals:,,,,,,,,,,,,,,,,,,,,,,,,,,,,,,,,,,,,,,,,,,,
Project cash flow from investing activities ($),"-126,253,032","-2,767,301","-2,768,065","-2,768,841","-2,769,628","-2,770,428","-2,771,240","-2,772,064","-2,772,900","-2,773,749","-2,774,611","-2,775,487","-2,417,403","-3,710,610","-3,711,527","-3,712,458","-3,713,404","-3,714,364","-1,148,322","-3,708,510","-3,710,235","-3,712,003","-3,713,815","-3,715,673","-3,717,577","3,200,767",,,,,,,,,,,,,,,,,
,,,,,,,,,,,,,,,,,,,,,,,,,,,,,,,,,,,,,,,,,,,
FINANCING ACTIVITIES,,,,,,,,,,,,,,,,,,,,,,,,,,,,,,,,,,,,,,,,,,,
Issuance of equity ($),"71,645,104",,,,,,,,,,,,,,,,,,,,,,,,,,,,,,,,,,,,,,,,,,
Total debt,"54,607,920",,,,,,,,,,,,,,,,,,,,,,,,,,,,,,,,,,,,,,,,,,
Total IBI income ($),0,,,,,,,,,,,,,,,,,,,,,,,,,,,,,,,,,,,,,,,,,,
Total CBI income ($),0,,,,,,,,,,,,,,,,,,,,,,,,,,,,,,,,,,,,,,,,,,
minus:,,,,,,,,,,,,,,,,,,,,,,,,,,,,,,,,,,,,,,,,,,,
Debt principal payment ($),0,"1,555,819","1,698,489","1,850,463","2,012,360","2,184,840","2,368,610","2,564,426","2,773,094","2,995,477","3,232,495","3,485,134","3,754,446","3,323,610","3,579,466","3,852,091","4,142,612","4,452,236","4,782,252",0,0,0,0,0,0,0,,,,,,,,,,,,,,,,,
equals:,,,,,,,,,,,,,,,,,,,,,,,,,,,,,,,,,,,,,,,,,,,
Project cash flow from financing activities ($),"126,253,032","-1,555,819","-1,698,489","-1,850,463","-2,012,360","-2,184,840","-2,368,610","-2,564,426","-2,773,094","-2,995,477","-3,232,495","-3,485,134","-3,754,446","-3,323,610","-3,579,466","-3,852,091","-4,142,612","-4,452,236","-4,782,252",-0,-0,-0,-0,-0,-0,-0,,,,,,,,,,,,,,,,,
,,,,,,,,,,,,,,,,,,,,,,,,,,,,,,,,,,,,,,,,,,,
PROJECT RETURNS,,,,,,,,,,,,,,,,,,,,,,,,,,,,,,,,,,,,,,,,,,,
Pre-tax Cash Flow:,,,,,,,,,,,,,,,,,,,,,,,,,,,,,,,,,,,,,,,,,,,
Project cash flow from operating activities ($),0,"5,953,539","6,154,766","6,365,105","6,585,166","6,815,598","7,057,101","7,310,418","7,576,344","7,855,732","8,149,492","8,458,595","8,784,085","8,552,492","8,880,245","9,224,439","9,586,192","9,966,693","10,367,218","10,744,207","10,829,443","10,912,843","10,994,336","11,073,852","11,151,316","10,462,357",,,,,,,,,,,,,,,,,
Project cash flow from investing activities ($),"-126,253,032","-2,767,301","-2,768,065","-2,768,841","-2,769,628","-2,770,428","-2,771,240","-2,772,064","-2,772,900","-2,773,749","-2,774,611","-2,775,487","-2,417,403","-3,710,610","-3,711,527","-3,712,458","-3,713,404","-3,714,364","-1,148,322","-3,708,510","-3,710,235","-3,712,003","-3,713,815","-3,715,673","-3,717,577","3,200,767",,,,,,,,,,,,,,,,,
Project cash flow from financing activities ($),"126,253,032","-1,555,819","-1,698,489","-1,850,463","-2,012,360","-2,184,840","-2,368,610","-2,564,426","-2,773,094","-2,995,477","-3,232,495","-3,485,134","-3,754,446","-3,323,610","-3,579,466","-3,852,091","-4,142,612","-4,452,236","-4,782,252",-0,-0,-0,-0,-0,-0,-0,,,,,,,,,,,,,,,,,
Total project pre-tax cash flow ($),0,"1,630,419","1,688,211","1,745,801","1,803,177","1,860,331","1,917,251","1,973,928","2,030,350","2,086,506","2,142,385","2,197,974","2,612,236","1,518,272","1,589,252","1,659,891","1,730,176","1,800,092","4,436,644","7,035,697","7,119,208","7,200,840","7,280,521","7,358,179","7,433,740","13,663,123",,,,,,,,,,,,,,,,,
,,,,,,,,,,,,,,,,,,,,,,,,,,,,,,,,,,,,,,,,,,,
Pre-tax Returns:,,,,,,,,,,,,,,,,,,,,,,,,,,,,,,,,,,,,,,,,,,,
Issuance of equity ($),"-71,645,104",,,,,,,,,,,,,,,,,,,,,,,,,,,,,,,,,,,,,,,,,,
Total project pre-tax cash flow ($),0,"1,630,419","1,688,211","1,745,801","1,803,177","1,860,331","1,917,251","1,973,928","2,030,350","2,086,506","2,142,385","2,197,974","2,612,236","1,518,272","1,589,252","1,659,891","1,730,176","1,800,092","4,436,644","7,035,697","7,119,208","7,200,840","7,280,521","7,358,179","7,433,740","13,663,123",,,,,,,,,,,,,,,,,
Total project pre-tax returns ($),"-71,645,104","1,630,419","1,688,211","1,745,801","1,803,177","1,860,331","1,917,251","1,973,928","2,030,350","2,086,506","2,142,385","2,197,974","2,612,236","1,518,272","1,589,252","1,659,891","1,730,176","1,800,092","4,436,644","7,035,697","7,119,208","7,200,840","7,280,521","7,358,179","7,433,740","13,663,123",,,,,,,,,,,,,,,,,
,,,,,,,,,,,,,,,,,,,,,,,,,,,,,,,,,,,,,,,,,,,
After-tax Returns:,,,,,,,,,,,,,,,,,,,,,,,,,,,,,,,,,,,,,,,,,,,
Total project pre-tax returns ($),"-71,645,104","1,630,419","1,688,211","1,745,801","1,803,177","1,860,331","1,917,251","1,973,928","2,030,350","2,086,506","2,142,385","2,197,974","2,612,236","1,518,272","1,589,252","1,659,891","1,730,176","1,800,092","4,436,644","7,035,697","7,119,208","7,200,840","7,280,521","7,358,179","7,433,740","13,663,123",,,,,,,,,,,,,,,,,
Federal ITC income ($),,0,,,,,,,,,,,,,,,,,,,,,,,,,,,,,,,,,,,,,,,,,
Federal PTC income ($),0,"6,937,739","7,253,090","7,253,090","7,568,442","7,568,442","7,883,794","8,199,146","8,199,146","8,514,498","8,514,498",0,0,0,0,0,0,0,0,0,0,0,0,0,0,0,,,,,,,,,,,,,,,,,
Federal tax benefit (liability) ($),0,"3,333,086","6,012,491","3,127,387","1,376,958","1,329,107","1,122","-1,327,801","-1,379,798","-1,434,264","-1,491,734","-1,552,003","-347,230","459,163","-416,748","-970,951","-1,073,138","-1,544,199","-1,987,732","-2,061,358","-2,078,004","-2,112,785","-2,147,194","-2,162,723","-471,941","686,159",,,,,,,,,,,,,,,,,
State ITC income ($),0,,,,,,,,,,,,,,,,,,,,,,,,,,,,,,,,,,,,,,,,,,
State PTC income ($),0,0,0,0,0,0,0,0,0,0,0,0,0,0,0,0,0,0,0,0,0,0,0,0,0,0,,,,,,,,,,,,,,,,,
State tax benefit (liability) ($),0,"1,194,654","2,155,015","1,120,927","493,533","476,382",402,"-475,914","-494,551","-514,073","-534,672","-556,274","-124,455","164,574","-149,372","-348,011","-384,637","-553,476","-712,449","-738,838","-744,804","-757,271","-769,604","-775,170","-169,155","245,935",,,,,,,,,,,,,,,,,
Total project after-tax returns ($),"-71,645,104","13,095,898","17,108,808","13,247,205","11,242,111","11,234,262","9,802,570","8,369,358","8,355,146","8,652,667","8,630,477","89,698","2,140,550","2,142,010","1,023,132","340,928","272,400","-297,583","1,736,463","4,235,501","4,296,399","4,330,784","4,363,724","4,420,286","6,792,644","14,595,218",,,,,,,,,,,,,,,,,
,,,,,,,,,,,,,,,,,,,,,,,,,,,,,,,,,,,,,,,,,,,
Project after-tax cumulative IRR (%),0,-81.72,-41.15,-21.40,-10.33,-2.84,1.73,4.62,6.82,8.56,9.90,9.91,10.16,10.38,10.47,10.50,10.52,10.50,10.60,10.81,11.00,11.16,11.30,11.42,11.58,11.86,,,,,,,,,,,,,,,,,
Project after-tax cumulative NPV ($),"-71,645,104","-59,637,132","-45,252,832","-35,040,432","-27,093,748","-19,812,312","-13,986,627","-9,425,904","-5,251,158","-1,286,912","2,338,688","2,373,238","3,129,270","3,822,967","4,126,786","4,219,614","4,287,622","4,219,499","4,583,990","5,399,183","6,157,402","6,858,197","7,505,662","8,107,036","8,954,394","10,623,843",,,,,,,,,,,,,,,,,
,,,,,,,,,,,,,,,,,,,,,,,,,,,,,,,,,,,,,,,,,,,
DEVELOPER RETURNS,,,,,,,,,,,,,,,,,,,,,,,,,,,,,,,,,,,,,,,,,,,
Developer Pre-tax Returns:,,,,,,,,,,,,,,,,,,,,,,,,,,,,,,,,,,,,,,,,,,,
Developer equity investment ($),"-1,432,902",,,,,,,,,,,,,,,,,,,,,,,,,,,,,,,,,,,,,,,,,,
Development fee ($),"3,415,500",,,,,,,,,,,,,,,,,,,,,,,,,,,,,,,,,,,,,,,,,,
Developer operating cash ($),0,"32,608","33,764","34,916","36,064","37,207","38,345","39,479","40,607","41,730","42,848","43,959","52,245","30,365","31,785","33,198","34,604","36,002","88,733","140,714","142,384","6,480,756","6,552,469","6,622,361","6,690,366","12,296,811",,,,,,,,,,,,,,,,,
Developer pre-tax returns ($),"1,982,598","32,608","33,764","34,916","36,064","37,207","38,345","39,479","40,607","41,730","42,848","43,959","52,245","30,365","31,785","33,198","34,604","36,002","88,733","140,714","142,384","6,480,756","6,552,469","6,622,361","6,690,366","12,296,811",,,,,,,,,,,,,,,,,
,,,,,,,,,,,,,,,,,,,,,,,,,,,,,,,,,,,,,,,,,,,
Developer After-tax Returns:,,,,,,,,,,,,,,,,,,,,,,,,,,,,,,,,,,,,,,,,,,,
Developer pre-tax returns ($),"1,982,598","32,608","33,764","34,916","36,064","37,207","38,345","39,479","40,607","41,730","42,848","43,959","52,245","30,365","31,785","33,198","34,604","36,002","88,733","140,714","142,384","6,480,756","6,552,469","6,622,361","6,690,366","12,296,811",,,,,,,,,,,,,,,,,
Developer share of ITC ($),0,0,0,0,0,0,0,0,0,0,0,0,0,0,0,0,0,0,0,0,0,0,0,0,0,0,,,,,,,,,,,,,,,,,
Developer share of PTC ($),0,"138,755","145,062","145,062","151,369","151,369","157,676","163,983","163,983","170,290","170,290",0,0,0,0,0,0,0,0,0,0,0,0,0,0,0,,,,,,,,,,,,,,,,,
Developer share of tax benefit/(liability) ($),0,"90,555","163,350","84,966","37,410","36,110",30,"-36,074","-37,487","-38,967","-40,528","-42,166","-9,434","12,475","-11,322","-26,379","-29,156","-41,953","-54,004","-56,004","-56,456","-2,583,050","-2,625,118","-2,644,104","-576,986","838,885",,,,,,,,,,,,,,,,,
Tax on development fee in Year 1 ($),,"-906,132",,,,,,,,,,,,,,,,,,,,,,,,,,,,,,,,,,,,,,,,,
Developer after-tax returns ($),"1,982,598","-644,214","342,176","264,944","224,842","224,685","196,051","167,387","167,103","173,053","172,610","1,794","42,811","42,840","20,463","6,819","5,448","-5,952","34,729","84,710","85,928","3,897,705","3,927,351","3,978,258","6,113,380","13,135,696",,,,,,,,,,,,,,,,,
,,,,,,,,,,,,,,,,,,,,,,,,,,,,,,,,,,,,,,,,,,,
Developer after-tax cumulative IRR (%),NaN,NaN,NaN,NaN,NaN,NaN,NaN,NaN,NaN,NaN,NaN,NaN,NaN,NaN,NaN,NaN,NaN,NaN,NaN,NaN,NaN,NaN,NaN,NaN,NaN,NaN,,,,,,,,,,,,,,,,,
Developer after-tax cumulative NPV ($),"1,982,598","1,391,901","1,679,587","1,883,835","2,042,768","2,188,397","2,304,911","2,396,125","2,479,620","2,558,905","2,631,417","2,632,108","2,647,229","2,661,103","2,667,179","2,669,036","2,670,396","2,669,034","2,676,323","2,692,627","2,707,792","3,338,507","3,921,226","4,462,462","5,225,084","6,727,588",,,,,,,,,,,,,,,,,
,,,,,,,,,,,,,,,,,,,,,,,,,,,,,,,,,,,,,,,,,,,
TAX INVESTOR RETURNS,,,,,,,,,,,,,,,,,,,,,,,,,,,,,,,,,,,,,,,,,,,
Investor Pre-tax Returns:,,,,,,,,,,,,,,,,,,,,,,,,,,,,,,,,,,,,,,,,,,,
Investor operating cash ($),"-70,212,208","1,597,811","1,654,447","1,710,885","1,767,114","1,823,124","1,878,906","1,934,449","1,989,743","2,044,776","2,099,537","2,154,015","2,559,991","1,487,907","1,557,467","1,626,693","1,695,572","1,764,090","4,347,911","6,894,983","6,976,824","720,084","728,052","735,818","743,374","1,366,312",,,,,,,,,,,,,,,,,
Investor pre-tax returns ($),"-70,212,208","1,597,811","1,654,447","1,710,885","1,767,114","1,823,124","1,878,906","1,934,449","1,989,743","2,044,776","2,099,537","2,154,015","2,559,991","1,487,907","1,557,467","1,626,693","1,695,572","1,764,090","4,347,911","6,894,983","6,976,824","720,084","728,052","735,818","743,374","1,366,312",,,,,,,,,,,,,,,,,
,,,,,,,,,,,,,,,,,,,,,,,,,,,,,,,,,,,,,,,,,,,
Investor After-tax Returns:,,,,,,,,,,,,,,,,,,,,,,,,,,,,,,,,,,,,,,,,,,,
Investor pre-tax returns ($),"-70,212,208","1,597,811","1,654,447","1,710,885","1,767,114","1,823,124","1,878,906","1,934,449","1,989,743","2,044,776","2,099,537","2,154,015","2,559,991","1,487,907","1,557,467","1,626,693","1,695,572","1,764,090","4,347,911","6,894,983","6,976,824","720,084","728,052","735,818","743,374","1,366,312",,,,,,,,,,,,,,,,,
Investor share of ITC ($),0,0,0,0,0,0,0,0,0,0,0,0,0,0,0,0,0,0,0,0,0,0,0,0,0,0,,,,,,,,,,,,,,,,,
Investor share of PTC ($),0,"6,798,984","7,108,029","7,108,029","7,417,074","7,417,074","7,726,118","8,035,163","8,035,163","8,344,208","8,344,208",0,0,0,0,0,0,0,0,0,0,0,0,0,0,0,,,,,,,,,,,,,,,,,
Investor share of tax benefit (liability) ($),0,"4,437,186","8,004,156","4,163,348","1,833,082","1,769,379","1,494","-1,767,641","-1,836,863","-1,909,370","-1,985,878","-2,066,111","-462,251","611,262","-554,797","-1,292,583","-1,428,620","-2,055,721","-2,646,177","-2,744,192","-2,766,352","-287,006","-291,680","-293,789","-64,110","93,209",,,,,,,,,,,,,,,,,
Investor after-tax returns ($),"-70,212,208","12,833,980","16,766,631","12,982,261","11,017,269","11,009,577","9,606,518","8,201,971","8,188,044","8,479,613","8,457,868","87,904","2,097,740","2,099,169","1,002,670","334,110","266,952","-291,631","1,701,734","4,150,791","4,210,471","433,078","436,372","442,029","679,264","1,459,522",,,,,,,,,,,,,,,,,
,,,,,,,,,,,,,,,,,,,,,,,,,,,,,,,,,,,,,,,,,,,
Investor after-tax cumulative IRR (%),NaN,-81.72,-41.15,-21.40,-10.33,-2.84,1.73,4.62,6.82,8.56,9.90,9.91,10.16,10.38,10.47,10.50,10.52,10.50,10.60,10.81,11.00,11.02,11.03,11.05,11.06,11.10,,,,,,,,,,,,,,,,,
Investor after-tax cumulative NPV ($),"-70,212,208","-58,444,388","-44,347,776","-34,339,624","-26,551,874","-19,416,066","-13,706,895","-9,237,386","-5,146,134","-1,261,174","2,291,914","2,325,774","3,066,684","3,746,507","4,044,250","4,135,222","4,201,870","4,135,109","4,492,310","5,291,199","6,034,254","6,104,334","6,169,080","6,229,218","6,313,953","6,480,898",,,,,,,,,,,,,,,,,
,,,,,,,,,,,,,,,,,,,,,,,,,,,,,,,,,,,,,,,,,,,
AFTER-TAX LEVELIZED COE AND PPA PRICE,,,,,,,,,,,,,,,,,,,,,,,,,,,,,,,,,,,,,,,,,,,
Annual costs ($),"-71,645,104","-141,416","3,739,120","-256,179","-2,396,307","-2,540,540","-4,109,981","-5,682,318","-5,837,046","-5,681,448","-5,846,978","-14,532,533","-12,627,902","-12,774,128","-14,042,166","-14,875,023","-15,095,711","-15,819,375","-13,940,547","-11,598,279","-11,695,719","-11,821,255","-11,949,836","-12,056,409","-9,848,818","-2,212,659",,,,,,,,,,,,,,,,,
PPA revenue to project ($),0,"13,237,314","13,369,687","13,503,384","13,638,418","13,774,802","13,912,550","14,051,676","14,192,193","14,334,115","14,477,456","14,622,230","14,768,453","14,916,137","15,065,298","15,215,951","15,368,111","15,521,792","15,677,010","15,833,780","15,992,118","16,152,039","16,313,559","16,476,695","16,641,462","16,807,876",,,,,,,,,,,,,,,,,
Energy produced (kWh),0,"315,351,776","315,351,776","315,351,776","315,351,776","315,351,776","315,351,776","315,351,776","315,351,776","315,351,776","315,351,776","315,351,776","315,351,776","315,351,776","315,351,776","315,351,776","315,351,776","315,351,776","315,351,776","315,351,776","315,351,776","315,351,776","315,351,776","315,351,776","315,351,776","315,351,776",,,,,,,,,,,,,,,,,
,,,,,,,,,,,,,,,,,,,,,,,,,,,,,,,,,,,,,,,,,,,
Present value of annual costs ($),"129,519,440",,,,,,,,,,,,,,,,,,,,,,,,,,,,,,,,,,,,,,,,,,
Present value of annual energy (nominal) (kWh),"3,082,569,472",,,,,,,,,,,,,,,,,,,,,,,,,,,,,,,,,,,,,,,,,,
Levelized cost (nominal) (cents/kWh),4.20,,,,,,,,,,,,,,,,,,,,,,,,,,,,,,,,,,,,,,,,,,
,,,,,,,,,,,,,,,,,,,,,,,,,,,,,,,,,,,,,,,,,,,
Present value of PPA revenue ($),"140,143,280",,,,,,,,,,,,,,,,,,,,,,,,,,,,,,,,,,,,,,,,,,
Present value of annual energy (nominal) (kWh),"3,082,569,472",,,,,,,,,,,,,,,,,,,,,,,,,,,,,,,,,,,,,,,,,,
Levelized PPA price (nominal) (cents/kWh),4.55,,,,,,,,,,,,,,,,,,,,,,,,,,,,,,,,,,,,,,,,,,
,,,,,,,,,,,,,,,,,,,,,,,,,,,,,,,,,,,,,,,,,,,
PROJECT STATE INCOME TAXES,,,,,,,,,,,,,,,,,,,,,,,,,,,,,,,,,,,,,,,,,,,
EBITDA ($),0,"9,698,064","9,741,956","9,784,960","9,827,033","9,868,133","9,908,214","9,947,231","9,985,137","10,021,882","10,057,417","10,091,691","10,124,650","10,156,239","10,186,403","10,215,084","10,242,222","10,267,756","10,291,623","10,313,758","10,334,095","10,352,566","10,369,099","10,383,623","10,396,064","10,406,343",,,,,,,,,,,,,,,,,
State taxable PBI income ($),0,0,0,0,0,0,0,0,0,0,0,0,0,0,0,0,0,0,0,0,0,0,0,0,0,0,,,,,,,,,,,,,,,,,
Interest earned on reserve accounts ($),0,"78,029","126,457","174,898","223,353","271,821","320,304","368,800","417,312","465,837","514,378","562,934","611,505","85,512","150,447","215,399","280,367","345,352","410,353","430,449","495,348","560,277","625,237","690,229","755,253","56,013",,,,,,,,,,,,,,,,,
State taxable IBI income ($),,0,,,,,,,,,,,,,,,,,,,,,,,,,,,,,,,,,,,,,,,,,
State taxable CBI income ($),,0,,,,,,,,,,,,,,,,,,,,,,,,,,,,,,,,,,,,,,,,,
minus:,,,,,,,,,,,,,,,,,,,,,,,,,,,,,,,,,,,,,,,,,,,
Total state tax depreciation ($),0,"23,020,030","36,940,688","22,378,350","13,635,643","13,621,061","7,062,847","511,640","511,325","511,830","511,325","511,830","7,006,154","10,903,556","6,746,360","4,252,852","4,091,374","2,059,890","189,380","189,380","189,380","94,690",0,0,"8,734,823","13,975,717",,,,,,,,,,,,,,,,,
equals:,,,,,,,,,,,,,,,,,,,,,,,,,,,,,,,,,,,,,,,,,,,
State taxable income ($),0,"-17,066,492","-30,785,924","-16,013,245","-7,050,478","-6,805,462","-5,746","6,798,777","7,065,020","7,343,902","7,638,166","7,946,766","1,777,931","-2,351,064","2,133,884","4,971,588","5,494,818","7,906,802","10,177,838","10,554,827","10,640,063","10,818,153","10,994,336","11,073,852","2,416,494","-3,513,360",,,,,,,,,,,,,,,,,
,,,,,,,,,,,,,,,,,,,,,,,,,,,,,,,,,,,,,,,,,,,
State income tax rate (frac),0,0.070,0.070,0.070,0.070,0.070,0.070,0.070,0.070,0.070,0.070,0.070,0.070,0.070,0.070,0.070,0.070,0.070,0.070,0.070,0.070,0.070,0.070,0.070,0.070,0.070,,,,,,,,,,,,,,,,,
State tax benefit (liability) ($),0,"1,194,654","2,155,015","1,120,927","493,533","476,382",402,"-475,914","-494,551","-514,073","-534,672","-556,274","-124,455","164,574","-149,372","-348,011","-384,637","-553,476","-712,449","-738,838","-744,804","-757,271","-769,604","-775,170","-169,155","245,935",,,,,,,,,,,,,,,,,
,,,,,,,,,,,,,,,,,,,,,,,,,,,,,,,,,,,,,,,,,,,
PROJECT FEDERAL INCOME TAXES,,,,,,,,,,,,,,,,,,,,,,,,,,,,,,,,,,,,,,,,,,,
EBITDA ($),0,"9,698,064","9,741,956","9,784,960","9,827,033","9,868,133","9,908,214","9,947,231","9,985,137","10,021,882","10,057,417","10,091,691","10,124,650","10,156,239","10,186,403","10,215,084","10,242,222","10,267,756","10,291,623","10,313,758","10,334,095","10,352,566","10,369,099","10,383,623","10,396,064","10,406,343",,,,,,,,,,,,,,,,,
Interest earned on reserve accounts ($),0,"78,029","126,457","174,898","223,353","271,821","320,304","368,800","417,312","465,837","514,378","562,934","611,505","85,512","150,447","215,399","280,367","345,352","410,353","430,449","495,348","560,277","625,237","690,229","755,253","56,013",,,,,,,,,,,,,,,,,
State tax benefit (liability) ($),0,"1,194,654","2,155,015","1,120,927","493,533","476,382",402,"-475,914","-494,551","-514,073","-534,672","-556,274","-124,455","164,574","-149,372","-348,011","-384,637","-553,476","-712,449","-738,838","-744,804","-757,271","-769,604","-775,170","-169,155","245,935",,,,,,,,,,,,,,,,,
State ITC income ($),0,,,,,,,,,,,,,,,,,,,,,,,,,,,,,,,,,,,,,,,,,,
State PTC income ($),0,0,0,0,0,0,0,0,0,0,0,0,0,0,0,0,0,0,0,0,0,0,0,0,0,0,,,,,,,,,,,,,,,,,
Federal taxable IBI income ($),,0,,,,,,,,,,,,,,,,,,,,,,,,,,,,,,,,,,,,,,,,,
Federal taxable CBI income ($),,0,,,,,,,,,,,,,,,,,,,,,,,,,,,,,,,,,,,,,,,,,
Federal taxable PBI income ($),0,0,0,0,0,0,0,0,0,0,0,0,0,0,0,0,0,0,0,0,0,0,0,0,0,0,,,,,,,,,,,,,,,,,
minus:,,,,,,,,,,,,,,,,,,,,,,,,,,,,,,,,,,,,,,,,,,,
Total federal tax depreciation ($),0,"23,020,030","36,940,688","22,378,350","13,635,643","13,621,061","7,062,847","511,640","511,325","511,830","511,325","511,830","7,006,154","10,903,556","6,746,360","4,252,852","4,091,374","2,059,890","189,380","189,380","189,380","94,690",0,0,"8,734,823","13,975,717",,,,,,,,,,,,,,,,,
equals:,,,,,,,,,,,,,,,,,,,,,,,,,,,,,,,,,,,,,,,,,,,
Federal taxable income ($),0,"-15,871,837","-28,630,908","-14,892,317","-6,556,944","-6,329,080","-5,344","6,322,863","6,570,468","6,829,829","7,103,495","7,390,492","1,653,476","-2,186,490","1,984,512","4,623,577","5,110,181","7,353,326","9,465,390","9,815,989","9,895,259","10,060,882","10,224,733","10,298,682","2,247,339","-3,267,425",,,,,,,,,,,,,,,,,
,,,,,,,,,,,,,,,,,,,,,,,,,,,,,,,,,,,,,,,,,,,
Federal income tax rate (frac),0,0.210,0.210,0.210,0.210,0.210,0.210,0.210,0.210,0.210,0.210,0.210,0.210,0.210,0.210,0.210,0.210,0.210,0.210,0.210,0.210,0.210,0.210,0.210,0.210,0.210,,,,,,,,,,,,,,,,,
Federal tax benefit (liability) ($),0,"3,333,086","6,012,491","3,127,387","1,376,958","1,329,107","1,122","-1,327,801","-1,379,798","-1,434,264","-1,491,734","-1,552,003","-347,230","459,163","-416,748","-970,951","-1,073,138","-1,544,199","-1,987,732","-2,061,358","-2,078,004","-2,112,785","-2,147,194","-2,162,723","-471,941","686,159",,,,,,,,,,,,,,,,,
,,,,,,,,,,,,,,,,,,,,,,,,,,,,,,,,,,,,,,,,,,,
CASH INCENTIVES,,,,,,,,,,,,,,,,,,,,,,,,,,,,,,,,,,,,,,,,,,,
Federal IBI income ($),0,,,,,,,,,,,,,,,,,,,,,,,,,,,,,,,,,,,,,,,,,,
State IBI income ($),0,,,,,,,,,,,,,,,,,,,,,,,,,,,,,,,,,,,,,,,,,,
Utility IBI income ($),0,,,,,,,,,,,,,,,,,,,,,,,,,,,,,,,,,,,,,,,,,,
Other IBI income ($),0,,,,,,,,,,,,,,,,,,,,,,,,,,,,,,,,,,,,,,,,,,
Total IBI income ($),0,,,,,,,,,,,,,,,,,,,,,,,,,,,,,,,,,,,,,,,,,,
,,,,,,,,,,,,,,,,,,,,,,,,,,,,,,,,,,,,,,,,,,,
Federal CBI income ($),0,,,,,,,,,,,,,,,,,,,,,,,,,,,,,,,,,,,,,,,,,,
State CBI income ($),0,,,,,,,,,,,,,,,,,,,,,,,,,,,,,,,,,,,,,,,,,,
Utility CBI income ($),0,,,,,,,,,,,,,,,,,,,,,,,,,,,,,,,,,,,,,,,,,,
Other CBI income ($),0,,,,,,,,,,,,,,,,,,,,,,,,,,,,,,,,,,,,,,,,,,
Total CBI income ($),0,,,,,,,,,,,,,,,,,,,,,,,,,,,,,,,,,,,,,,,,,,
,,,,,,,,,,,,,,,,,,,,,,,,,,,,,,,,,,,,,,,,,,,
Federal PBI income ($),0,0,0,0,0,0,0,0,0,0,0,0,0,0,0,0,0,0,0,0,0,0,0,0,0,0,,,,,,,,,,,,,,,,,
State PBI income ($),0,0,0,0,0,0,0,0,0,0,0,0,0,0,0,0,0,0,0,0,0,0,0,0,0,0,,,,,,,,,,,,,,,,,
Utility PBI income ($),0,0,0,0,0,0,0,0,0,0,0,0,0,0,0,0,0,0,0,0,0,0,0,0,0,0,,,,,,,,,,,,,,,,,
Other PBI income ($),0,0,0,0,0,0,0,0,0,0,0,0,0,0,0,0,0,0,0,0,0,0,0,0,0,0,,,,,,,,,,,,,,,,,
Total PBI income ($),0,0,0,0,0,0,0,0,0,0,0,0,0,0,0,0,0,0,0,0,0,0,0,0,0,0,,,,,,,,,,,,,,,,,
,,,,,,,,,,,,,,,,,,,,,,,,,,,,,,,,,,,,,,,,,,,
TAX CREDITS,,,,,,,,,,,,,,,,,,,,,,,,,,,,,,,,,,,,,,,,,,,
Federal PTC income ($),0,"6,937,739.00","7,253,090.50","7,253,090.50","7,568,442.50","7,568,442.50","7,883,794.00","8,199,146.00","8,199,146.00","8,514,498.00","8,514,498.00",0,0,0,0,0,0,0,0,0,0,0,0,0,0,0,,,,,,,,,,,,,,,,,
State PTC income ($),0,0,0,0,0,0,0,0,0,0,0,0,0,0,0,0,0,0,0,0,0,0,0,0,0,0,,,,,,,,,,,,,,,,,
,,,,,,,,,,,,,,,,,,,,,,,,,,,,,,,,,,,,,,,,,,,
Federal ITC income ($),,0,,,,,,,,,,,,,,,,,,,,,,,,,,,,,,,,,,,,,,,,,
State ITC income ($),,0,,,,,,,,,,,,,,,,,,,,,,,,,,,,,,,,,,,,,,,,,
,,,,,,,,,,,,,,,,,,,,,,,,,,,,,,,,,,,,,,,,,,,
DEBT REPAYMENT,,,,,,,,,,,,,,,,,,,,,,,,,,,,,,,,,,,,,,,,,,,
Debt balance ($),"54,607,920","53,052,104","51,353,612","49,503,152","47,490,792","45,305,952","42,937,340","40,372,916","37,599,820","34,604,344","31,371,848","27,886,714","24,132,268","20,808,658","17,229,192","13,377,101","9,234,489","4,782,252",-0,0,0,0,0,0,0,0,,,,,,,,,,,,,,,,,
Debt interest payment ($),0,"3,822,554","3,713,647","3,594,753","3,465,220","3,324,355","3,171,416","3,005,614","2,826,104","2,631,988","2,422,304","2,196,029","1,952,070","1,689,259","1,456,606","1,206,043","936,397","646,414","334,758",0,0,0,0,0,0,0,,,,,,,,,,,,,,,,,
Debt principal payment ($),0,"1,555,819","1,698,489","1,850,463","2,012,360","2,184,840","2,368,610","2,564,426","2,773,094","2,995,477","3,232,495","3,485,134","3,754,446","3,323,610","3,579,466","3,852,091","4,142,612","4,452,236","4,782,252",0,0,0,0,0,0,0,,,,,,,,,,,,,,,,,
Debt total payment ($),0,"5,378,374","5,412,136","5,445,216","5,477,580","5,509,195","5,540,027","5,570,040","5,599,198","5,627,464","5,654,799","5,681,164","5,706,516","5,012,869","5,036,072","5,058,134","5,079,010","5,098,651","5,117,010",0,0,0,0,0,0,0,,,,,,,,,,,,,,,,,
,,,,,,,,,,,,,,,,,,,,,,,,,,,,,,,,,,,,,,,,,,,
DEBT SIZING (SCULPTED DEBT PAYMENTS),,,,,,,,,,,,,,,,,,,,,,,,,,,,,,,,,,,,,,,,,,,
EBITDA ($),0,"9,698,064","9,741,956","9,784,960","9,827,033","9,868,133","9,908,214","9,947,231","9,985,137","10,021,882","10,057,417","10,091,691","10,124,650","10,156,239","10,186,403","10,215,084","10,242,222","10,267,756","10,291,623","10,313,758","10,334,095","10,352,566","10,369,099","10,383,623","10,396,064","10,406,343",,,,,,,,,,,,,,,,,
minus:,,,,,,,,,,,,,,,,,,,,,,,,,,,,,,,,,,,,,,,,,,,
Reserve funding major equipment 1 ($),0,"2,706,179","2,706,179","2,706,179","2,706,179","2,706,179","2,706,179","2,706,179","2,706,179","2,706,179","2,706,179","2,706,179","2,706,179","3,639,510","3,639,510","3,639,510","3,639,510","3,639,510","3,639,510","3,639,510","3,639,510","3,639,510","3,639,510","3,639,510","3,639,510",0,,,,,,,,,,,,,,,,,
Reserve funding major equipment 2 ($),0,0,0,0,0,0,0,0,0,0,0,0,0,0,0,0,0,0,0,0,0,0,0,0,0,0,,,,,,,,,,,,,,,,,
Reserve funding major equipment 3 ($),0,0,0,0,0,0,0,0,0,0,0,0,0,0,0,0,0,0,0,0,0,0,0,0,0,0,,,,,,,,,,,,,,,,,
Reserve funding receivables ($),0,0,0,0,0,0,0,0,0,0,0,0,0,0,0,0,0,0,0,0,0,0,0,0,0,0,,,,,,,,,,,,,,,,,
equals:,,,,,,,,,,,,,,,,,,,,,,,,,,,,,,,,,,,,,,,,,,,
Cash available for debt service (CAFDS) ($),0,"6,991,886","7,035,778","7,078,781","7,120,854","7,161,954","7,202,035","7,241,052","7,278,958","7,315,704","7,351,238","7,385,512","7,418,471","6,516,730","6,546,894","6,575,574","6,602,712","6,628,246","6,652,113",0,0,0,0,0,0,0,,,,,,,,,,,,,,,,,
Present value interest factor for CAFDS,0,0.93,0.87,0.82,0.76,0.71,0.67,0.62,0.58,0.54,0.51,0.48,0.44,0.41,0.39,0.36,0.34,0.32,0.30,0,0,0,0,0,0,0,,,,,,,,,,,,,,,,,
Present value of CAFDS ($),0,"6,534,472","6,145,320","5,778,394","5,432,466","5,106,374","4,799,020","4,509,364","4,236,420","3,979,258","3,736,997","3,508,804","3,293,890","2,704,211","2,538,998","2,383,291","2,236,567","2,098,333","1,968,120",0,0,0,0,0,0,0,,,,,,,,,,,,,,,,,
Pre-tax DSCR,NaN,1.30,1.30,1.30,1.30,1.30,1.30,1.30,1.30,1.30,1.30,1.30,1.30,1.30,1.30,1.30,1.30,1.30,1.30,NaN,NaN,NaN,NaN,NaN,NaN,NaN,,,,,,,,,,,,,,,,,
Size of debt ($),0,"5,026,518","4,727,170","4,444,918","4,178,820","3,927,980","3,691,554","3,468,741","3,258,784","3,060,968","2,874,613","2,699,080","2,533,762","2,080,162","1,953,076","1,833,300","1,720,436","1,614,102","1,513,939",0,0,0,0,0,0,0,,,,,,,,,,,,,,,,,
,,,,,,,,,,,,,,,,,,,,,,,,,,,,,,,,,,,,,,,,,,,
RESERVES,,,,,,,,,,,,,,,,,,,,,,,,,,,,,,,,,,,,,,,,,,,
Reserve funding working capital ($),"1,769,625","44,241","45,347","46,480","47,642","48,833","50,054","51,306","52,588","53,903","55,250","56,632","58,048","59,499","60,986","62,511","64,074","65,675","67,317","69,000","70,725","72,493","74,306","76,163","78,067",0,,,,,,,,,,,,,,,,,
Reserve disbursement working capital ($),0,0,0,0,0,0,0,0,0,0,0,0,0,0,0,0,0,0,0,0,0,0,0,0,0,"-3,200,767",,,,,,,,,,,,,,,,,
Reserve account working capital ($),"1,769,625","1,813,866","1,859,212","1,905,693","1,953,335","2,002,168","2,052,222","2,103,528","2,156,116","2,210,019","2,265,270","2,321,901","2,379,949","2,439,448","2,500,434","2,562,945","2,627,018","2,692,694","2,760,011","2,829,011","2,899,736","2,972,230","3,046,536","3,122,699","3,200,767",0,,,,,,,,,,,,,,,,,
,,,,,,,,,,,,,,,,,,,,,,,,,,,,,,,,,,,,,,,,,,,
Reserve funding receivables ($),0,0,0,0,0,0,0,0,0,0,0,0,0,0,0,0,0,0,0,0,0,0,0,0,0,0,,,,,,,,,,,,,,,,,
Reserve disbursement receivables ($),0,0,0,0,0,0,0,0,0,0,0,0,0,0,0,0,0,0,0,0,0,0,0,0,0,-0,,,,,,,,,,,,,,,,,
Reserve account receivables ($),0,0,0,0,0,0,0,0,0,0,0,0,0,0,0,0,0,0,0,0,0,0,0,0,0,0,,,,,,,,,,,,,,,,,
,,,,,,,,,,,,,,,,,,,,,,,,,,,,,,,,,,,,,,,,,,,
Reserve funding major equipment 1 ($),0,"2,706,179","2,706,179","2,706,179","2,706,179","2,706,179","2,706,179","2,706,179","2,706,179","2,706,179","2,706,179","2,706,179","2,706,179","3,639,510","3,639,510","3,639,510","3,639,510","3,639,510","3,639,510","3,639,510","3,639,510","3,639,510","3,639,510","3,639,510","3,639,510",0,,,,,,,,,,,,,,,,,
Reserve disbursement major equipment 1 ($),0,0,0,0,0,0,0,0,0,0,0,0,"-32,474,144",0,0,0,0,0,0,0,0,0,0,0,"-43,674,116",0,,,,,,,,,,,,,,,,,
Reserve account major equipment 1 ($),0,"2,706,179","5,412,358","8,118,536","10,824,715","13,530,894","16,237,072","18,943,252","21,649,430","24,355,608","27,061,788","29,767,966",-0,"3,639,510","7,279,019","10,918,529","14,558,038","18,197,548","21,837,058","25,476,566","29,116,076","32,755,586","36,395,096","40,034,604",0,0,,,,,,,,,,,,,,,,,
,,,,,,,,,,,,,,,,,,,,,,,,,,,,,,,,,,,,,,,,,,,
Reserve funding major equipment 2 ($),0,0,0,0,0,0,0,0,0,0,0,0,0,0,0,0,0,0,0,0,0,0,0,0,0,0,,,,,,,,,,,,,,,,,
Reserve disbursement major equipment 2 ($),0,0,0,0,0,0,0,0,0,0,0,0,0,0,0,-0,0,0,0,0,0,0,0,0,0,0,,,,,,,,,,,,,,,,,
Reserve account major equipment 2 ($),0,0,0,0,0,0,0,0,0,0,0,0,0,0,0,0,0,0,0,0,0,0,0,0,0,0,,,,,,,,,,,,,,,,,
,,,,,,,,,,,,,,,,,,,,,,,,,,,,,,,,,,,,,,,,,,,
Reserve funding major equipment 3 ($),0,0,0,0,0,0,0,0,0,0,0,0,0,0,0,0,0,0,0,0,0,0,0,0,0,0,,,,,,,,,,,,,,,,,
Reserve disbursement major equipment 3 ($),0,0,0,-0,0,0,-0,0,0,-0,0,0,-0,0,0,-0,0,0,-0,0,0,-0,0,0,-0,0,,,,,,,,,,,,,,,,,
Reserve account major equipment 3 ($),0,0,0,0,0,0,0,0,0,0,0,0,0,0,0,0,0,0,0,0,0,0,0,0,0,0,,,,,,,,,,,,,,,,,
,,,,,,,,,,,,,,,,,,,,,,,,,,,,,,,,,,,,,,,,,,,
Reserve account total reserves ($),"4,458,812","7,226,112","9,994,178","12,763,019","15,532,647","18,303,076","21,074,314","23,846,378","26,619,278","29,393,028","32,167,638","34,943,124","4,886,384","8,596,993","12,308,520","16,020,978","19,734,382","23,448,746","24,597,068","28,305,578","32,015,812","35,727,816","39,441,632","43,157,304","3,200,767",0,,,,,,,,,,,,,,,,,
Interest on reserves (%/year),1.75,,,,,,,,,,,,,,,,,,,,,,,,,,,,,,,,,,,,,,,,,,
Interest earned on reserve accounts ($),0,"78,029","126,457","174,898","223,353","271,821","320,304","368,800","417,312","465,837","514,378","562,934","611,505","85,512","150,447","215,399","280,367","345,352","410,353","430,449","495,348","560,277","625,237","690,229","755,253","56,013",,,,,,,,,,,,,,,,,
, , , , , , , , , , , , , , , , ,,,,,,,,,,,,,,,,,,,,,,,,,,,
DEPRECIATION AND ITC: STATE,% of Total Depreciable Basis,Gross Amount Allocated,IBI Reduction,CBI Reduction,Depreciable Basis Prior to ITC,ITC Qualifying Costs,% of ITC Qualifying Costs,ITC Amount,ITC Basis Disallowance,ITC Amount,ITC Basis Disallowance,State ITC Reduction,Federal ITC Reduction,Depreciable Basis After ITC Reduction,First Year Bonus Depreciation,Depreciable Basis After Bonus Reduction,,,,,,,,,,,,,,,,,,,,,,,,,,,
MACRS 5-yr,92.78,"113,627,728.00",0,0,"113,627,728.00","113,627,728.00",100.00,0,0,0,0,0,0,"113,627,728.00",0,"113,627,728.00",,,,,,,,,,,,,,,,,,,,,,,,,,,
MACRS 15-yr,1.55,"1,893,795.50",0,0,"1,893,795.50",0,0,0,0,0,0,0,0,"1,893,795.50",0,"1,893,795.50",,,,,,,,,,,,,,,,,,,,,,,,,,,
Straight Line 5-yr,0,0,0,0,0,0,0,0,0,0,0,0,0,0,0,0,,,,,,,,,,,,,,,,,,,,,,,,,,,
Straight Line 15-yr,2.58,"3,156,325.75",0,0,"3,156,325.75",0,0,0,0,0,0,0,0,"3,156,325.75",0,"3,156,325.75",,,,,,,,,,,,,,,,,,,,,,,,,,,
Straight Line 20-yr,3.09,"3,787,591.00",0,0,"3,787,591.00",0,0,0,0,0,0,0,0,"3,787,591.00",0,"3,787,591.00",,,,,,,,,,,,,,,,,,,,,,,,,,,
Straight Line 39-yr,0,0,0,0,0,0,0,0,0,0,0,0,0,0,0,0,,,,,,,,,,,,,,,,,,,,,,,,,,,
Custom,0,0,0,0,0,0,0,0,0,0,0,0,0,0,0,0,,,,,,,,,,,,,,,,,,,,,,,,,,,
Total,100.00,"122,465,440.00",0,0,"122,465,440.00","113,627,728.00",100.00,0,0,0,0,0,0,"122,465,440.00",0,"122,465,440.00",,,,,,,,,,,,,,,,,,,,,,,,,,,
DEPRECIATION AND ITC: FEDERAL,,,,,,,,,,,,,,,,,,,,,,,,,,,,,,,,,,,,,,,,,,,
MACRS 5-yr,92.78,"113,627,728.00",0,0,"113,627,728.00","113,627,728.00",100.00,0,0,0,0,0,0,"113,627,728.00",0,"113,627,728.00",,,,,,,,,,,,,,,,,,,,,,,,,,,
MACRS 15-yr,1.55,"1,893,795.50",0,0,"1,893,795.50",0,0,0,0,0,0,0,0,"1,893,795.50",0,"1,893,795.50",,,,,,,,,,,,,,,,,,,,,,,,,,,
Straight Line 5-yr,0,0,0,0,0,0,0,0,0,0,0,0,0,0,0,0,,,,,,,,,,,,,,,,,,,,,,,,,,,
Straight Line 15-yr,2.58,"3,156,325.75",0,0,"3,156,325.75",0,0,0,0,0,0,0,0,"3,156,325.75",0,"3,156,325.75",,,,,,,,,,,,,,,,,,,,,,,,,,,
Straight Line 20-yr,3.09,"3,787,591.00",0,0,"3,787,591.00",0,0,0,0,0,0,0,0,"3,787,591.00",0,"3,787,591.00",,,,,,,,,,,,,,,,,,,,,,,,,,,
Straight Line 39-yr,0,0,0,0,0,0,0,0,0,0,0,0,0,0,0,0,,,,,,,,,,,,,,,,,,,,,,,,,,,
Custom,0,0,0,0,0,0,0,0,0,0,0,0,0,0,0,0,,,,,,,,,,,,,,,,,,,,,,,,,,,
Total,100.00,"122,465,440.00",0,0,"122,465,440.00","113,627,728.00",100.00,0,0,0,0,0,0,"122,465,440.00",0,"122,465,440.00",,,,,,,,,,,,,,,,,,,,,,,,,,,
,,,,,,,,,,,,,,,,,,,,,,,,,,,,,,,,,,,,,,,,,,,